{
  "baseline": {
    "name": "Fixed Schedule",
    "cls_accuracy": 0.2644808743169399,
    "cls_precision": 0.2644808743169399,
    "cls_recall": 1.0,
    "cls_f1": 0.41832324978392393,
    "reg_rmse": 1.2176784796112576,
    "reg_mae": 1.0460400972053463,
    "reg_r2": -0.2360515320831269
  },
  "classification": {
    "LogisticRegression": {
      "accuracy": 0.8945355191256831,
      "precision": 0.7557117750439367,
      "recall": 0.8884297520661157,
      "f1": 0.8167141500474834
    },
    "RandomForest": {
      "accuracy": 0.9721311475409836,
      "precision": 0.9800443458980045,
      "recall": 0.9132231404958677,
      "f1": 0.9454545454545454
    },
    "GradientBoosting": {
      "accuracy": 0.9907103825136612,
      "precision": 0.9834368530020704,
      "recall": 0.981404958677686,
      "f1": 0.9824198552223371
    }
  },
  "regression": {
    "LinearRegression": {
      "rmse": 0.9636962479105099,
      "mae": 0.7528062392434749,
      "r2": 0.18158360040350408
    },
    "RandomForest": {
      "rmse": 0.17689888670713794,
      "mae": 0.06881566406460293,
      "r2": 0.972423179861788
    },
    "GradientBoosting": {
      "rmse": 0.13410578485562072,
      "mae": 0.054709635331920456,
      "r2": 0.984151469079185
    }
  },
  "best_classifier": "GradientBoosting",
  "best_regressor": "GradientBoosting"
}